Test number,PR url,Files updated
1,https://github.com/GuillaumeFalourd/stackspot-actions/pull/86,2
2,https://github.com/GuillaumeFalourd/stackspot-actions/pull/87,2
3,https://github.com/GuillaumeFalourd/stackspot-actions/pull/88,2
4,https://github.com/GuillaumeFalourd/stackspot-actions/pull/89,2
5,https://github.com/GuillaumeFalourd/stackspot-actions/pull/90,2
6,https://github.com/GuillaumeFalourd/stackspot-actions/pull/91,2
7,https://github.com/GuillaumeFalourd/stackspot-actions/pull/92,2
8,https://github.com/GuillaumeFalourd/stackspot-actions/pull/93,2
9,https://github.com/GuillaumeFalourd/stackspot-actions/pull/94,2
10,https://github.com/GuillaumeFalourd/stackspot-actions/pull/95,2
11,https://github.com/GuillaumeFalourd/stackspot-actions/pull/96,2
12,https://github.com/GuillaumeFalourd/stackspot-actions/pull/97,2
13,https://github.com/GuillaumeFalourd/stackspot-actions/pull/98,2
14,https://github.com/GuillaumeFalourd/stackspot-actions/pull/99,2
15,https://github.com/GuillaumeFalourd/stackspot-actions/pull/100,2
16,https://github.com/GuillaumeFalourd/stackspot-actions/pull/101,2
17,https://github.com/GuillaumeFalourd/stackspot-actions/pull/102,2
18,https://github.com/GuillaumeFalourd/stackspot-actions/pull/103,2
19,https://github.com/GuillaumeFalourd/stackspot-actions/pull/104,1
20,https://github.com/GuillaumeFalourd/stackspot-actions/pull/105,2
21,https://github.com/GuillaumeFalourd/stackspot-actions/pull/106,2
22,https://github.com/GuillaumeFalourd/stackspot-actions/pull/107,2
23,https://github.com/GuillaumeFalourd/stackspot-actions/pull/108,2
24,https://github.com/GuillaumeFalourd/stackspot-actions/pull/109,2
25,https://github.com/GuillaumeFalourd/stackspot-actions/pull/110,2
26,https://github.com/GuillaumeFalourd/stackspot-actions/pull/111,2
27,https://github.com/GuillaumeFalourd/stackspot-actions/pull/112,2
28,https://github.com/GuillaumeFalourd/stackspot-actions/pull/113,2
29,https://github.com/GuillaumeFalourd/stackspot-actions/pull/114,2
30,https://github.com/GuillaumeFalourd/stackspot-actions/pull/115,2
31,https://github.com/GuillaumeFalourd/stackspot-actions/pull/116,2
32,https://github.com/GuillaumeFalourd/stackspot-actions/pull/117,2
33,https://github.com/GuillaumeFalourd/stackspot-actions/pull/118,2
34,https://github.com/GuillaumeFalourd/stackspot-actions/pull/119,2
35,https://github.com/GuillaumeFalourd/stackspot-actions/pull/120,2
36,https://github.com/GuillaumeFalourd/stackspot-actions/pull/121,2
37,https://github.com/GuillaumeFalourd/stackspot-actions/pull/122,2
38,https://github.com/GuillaumeFalourd/stackspot-actions/pull/123,2
39,https://github.com/GuillaumeFalourd/stackspot-actions/pull/124,2
40,https://github.com/GuillaumeFalourd/stackspot-actions/pull/125,2
41,https://github.com/GuillaumeFalourd/stackspot-actions/pull/126,2
42,https://github.com/GuillaumeFalourd/stackspot-actions/pull/127,2
43,https://github.com/GuillaumeFalourd/stackspot-actions/pull/128,2
44,https://github.com/GuillaumeFalourd/stackspot-actions/pull/129,2
45,https://github.com/GuillaumeFalourd/stackspot-actions/pull/130,2
46,https://github.com/GuillaumeFalourd/stackspot-actions/pull/131,2
47,https://github.com/GuillaumeFalourd/stackspot-actions/pull/132,2
48,https://github.com/GuillaumeFalourd/stackspot-actions/pull/133,2
49,https://github.com/GuillaumeFalourd/stackspot-actions/pull/134,2
50,https://github.com/GuillaumeFalourd/stackspot-actions/pull/135,2
51,https://github.com/GuillaumeFalourd/stackspot-actions/pull/136,2
52,https://github.com/GuillaumeFalourd/stackspot-actions/pull/137,2
53,https://github.com/GuillaumeFalourd/stackspot-actions/pull/138,2
54,https://github.com/GuillaumeFalourd/stackspot-actions/pull/139,2
55,https://github.com/GuillaumeFalourd/stackspot-actions/pull/140,2
56,https://github.com/GuillaumeFalourd/stackspot-actions/pull/141,2
57,https://github.com/GuillaumeFalourd/stackspot-actions/pull/142,2
58,https://github.com/GuillaumeFalourd/stackspot-actions/pull/143,2
59,https://github.com/GuillaumeFalourd/stackspot-actions/pull/144,2
60,https://github.com/GuillaumeFalourd/stackspot-actions/pull/145,2
61,https://github.com/GuillaumeFalourd/stackspot-actions/pull/146,2
62,https://github.com/GuillaumeFalourd/stackspot-actions/pull/147,2
63,https://github.com/GuillaumeFalourd/stackspot-actions/pull/148,2
64,https://github.com/GuillaumeFalourd/stackspot-actions/pull/149,2
65,https://github.com/GuillaumeFalourd/stackspot-actions/pull/150,2
66,https://github.com/GuillaumeFalourd/stackspot-actions/pull/151,2
67,https://github.com/GuillaumeFalourd/stackspot-actions/pull/152,1
68,https://github.com/GuillaumeFalourd/stackspot-actions/pull/153,2
69,https://github.com/GuillaumeFalourd/stackspot-actions/pull/154,2
70,https://github.com/GuillaumeFalourd/stackspot-actions/pull/155,2
71,https://github.com/GuillaumeFalourd/stackspot-actions/pull/156,2
72,https://github.com/GuillaumeFalourd/stackspot-actions/pull/157,2
73,https://github.com/GuillaumeFalourd/stackspot-actions/pull/158,2
74,https://github.com/GuillaumeFalourd/stackspot-actions/pull/159,2
75,https://github.com/GuillaumeFalourd/stackspot-actions/pull/160,2
76,https://github.com/GuillaumeFalourd/stackspot-actions/pull/161,2
77,https://github.com/GuillaumeFalourd/stackspot-actions/pull/162,2
78,https://github.com/GuillaumeFalourd/stackspot-actions/pull/163,2
79,https://github.com/GuillaumeFalourd/stackspot-actions/pull/164,2
80,https://github.com/GuillaumeFalourd/stackspot-actions/pull/165,2
81,https://github.com/GuillaumeFalourd/stackspot-actions/pull/166,2
82,https://github.com/GuillaumeFalourd/stackspot-actions/pull/167,2
83,https://github.com/GuillaumeFalourd/stackspot-actions/pull/168,2
84,https://github.com/GuillaumeFalourd/stackspot-actions/pull/169,2
85,https://github.com/GuillaumeFalourd/stackspot-actions/pull/170,2
86,https://github.com/GuillaumeFalourd/stackspot-actions/pull/171,2
87,https://github.com/GuillaumeFalourd/stackspot-actions/pull/172,2
88,https://github.com/GuillaumeFalourd/stackspot-actions/pull/173,2
89,https://github.com/GuillaumeFalourd/stackspot-actions/pull/174,2
90,https://github.com/GuillaumeFalourd/stackspot-actions/pull/175,2
91,https://github.com/GuillaumeFalourd/stackspot-actions/pull/176,2
92,https://github.com/GuillaumeFalourd/stackspot-actions/pull/177,2
93,https://github.com/GuillaumeFalourd/stackspot-actions/pull/178,2
94,https://github.com/GuillaumeFalourd/stackspot-actions/pull/179,2
95,https://github.com/GuillaumeFalourd/stackspot-actions/pull/180,2
96,https://github.com/GuillaumeFalourd/stackspot-actions/pull/181,2
97,https://github.com/GuillaumeFalourd/stackspot-actions/pull/182,2
98,https://github.com/GuillaumeFalourd/stackspot-actions/pull/183,2
99,https://github.com/GuillaumeFalourd/stackspot-actions/pull/184,2
100,https://github.com/GuillaumeFalourd/stackspot-actions/pull/185,2
